{"cameraMode":{"drawMode":0,"name":"Shaded","section":"Shading Mode"},"sceneLighting":false,"audioPlay":false,"sceneViewState":{"m_AlwaysRefresh":false,"showFog":true,"showSkybox":false,"showFlares":true,"showImageEffects":true,"showParticleSystems":true,"showVisualEffectGraphs":true,"m_FxEnabled":true},"in2DMode":false,"pivot":{"x":0.04087413474917412,"y":0.20936186611652375,"z":0.31879234313964846},"rotation":{"x":0.14498689770698548,"y":0.0020795604214072229,"z":-0.0003047380596399307,"w":0.9894312024116516},"size":1.5339746475219727,"orthographic":false}